State,Uninsu+B1:BL1red Rate,Uninsured Rate,Percentage Point Decrease in Uninsured Rate,People Gaining Coverage,People with Employer Coverage,Individuals who Gained Coverage by Staying on their Parents' Plan Until Age 26,Total,Children,Adult Males,Adult Females,Total,Children,Adult Males,Adult Females,Average Annual Growth in Family Premiums for Employer Coverage,Average Annual Growth in Family Premiums for Employer Coverage,Family Employer Premium Savings Compared to Continued Growth at pre-ACA Rate,,Total Group Market Consumers Benefiting from MLR Rebates,Total Group Market Rebates,Total Group Market Consumers Benefiting from MLR Rebates,Total Group Market Rebates,Total Group Market Consumers Benefiting from MLR Rebates,Total Group Market Rebates,Total Group Market Consumers Benefiting from MLR Rebates,Total Group Market Rebates,Total Group Market Rebates,Total Medicaid and CHIP Enrollment ,Total Medicaid and CHIP Enrollment ,Total Medicaid/CHIP Child Enrollment,Change in total Medicaid and CHIP Coverage,"Individuals Dually Eligible for full Medicaid and Medicare Benefits 
(""full duals"")","Individuals Dually Eligible for partial Medicaid and Medicare Benefits (""partial duals"")",Individuals Dually Eligible for Either Full or Partial Medicaid and Medicare Benefits,State Has Expanded,Increase in Number of People with Insurance Coverage due to Medicaid Expansion,Cholesterol-Level Screening in Past 12 Months,Mammogram in Past 12 Months,Papanicolaou Smear in Past 12 Months,Additional People with a Usual Source of Clinic Care,Additional People Receiving All Needed Care in Past 12 Months,Number of Additional Physician Visits Each Year,Reduction in Number of People Experiencing Symptoms of Depression,"Additional People Reporting Good, Very Good, or Excellent Health",Reduction in Annual Number of Deaths,Reduction in Number of People with Catastrophic Out-of-Pocket Costs in a Typical Year,Reduction in Number of People Borrowing to Pay Bills or Skipping Payments Due to Medical Bills,Net Increase in Federal Spending,Reduction in Uncompensated Care,Share of People Potentially Eligible for Expansion with Any Mental Illness or Substance Use Disorder,Number of People Potentially Eligible for Expansion with Any Mental Illness or Substance Use Disorder,Individuals with Pre-Existing Condition,Individuals Selecting a Marketplace Plan,Individuals with Marketplace Coverage,Individuals Receiving Tax Credits,Average Monthly Tax Credit Among those Receiving Tax Credits,Individuals Receiving Cost Sharing Reductions,Average Number of Marketplace Plans Available,Marketplace Consumers who Could Select a Plan for less than $75,Marketplace Consumers who Could Select a Plan for less than $100,Individuals Purchasing Coverage Off-Marketplace who Could Quality for Tax Credits,Rate Review Funds Awarded to the State,Health Insurance Enforcement and Consumer Protections Grant Awards,Medicare Enrollment,Medicare Beneficiaries benefitting from donut hole savings ,Total Medicare beneficiary savings from donut hole,Average per Medicare Beneficiary Donut Hole Savings ,Part B Beneficiaries Using Free Preventive Services,Share of Part B Beneficiaries Using Free Preventive Services,% Change in Hospital Readmission Rates Among Medicare Beneficiaries,Avoided Readmissions,Number of Accountable Care Organizations
Alabama,14.60,10.10,4.50,215000.00,2545000.00,35000.00,1566000.00,396000.00,561000.00,609000.00,2140837.00,422895.00,831232.00,886709.00,7.10,5.20,1500.00,2200.00,0.00,0.00,0.00,0.00,0.00,0.00,0.00,0.00,0.00,799176.00,910775.00,645400.00,111599.00,86609.00,122109.00,208718.00,no,177000.00,25800.00,7000.00,10700.00,42000.00,20000.00,478000.00,16000.00,24000.00,210.00,7900.00,25200.00,1240.00,190.00,0.30,85000.00,2040458.00,195055.00,165534.00,152206.00,310.00,125424.00,6.00,0.89,0.90,33000.00,1000000.00,--,989855.00,90556.00,97330073.00,1075.00,531567.00,0.74,-5.80,1503.00,9.00
Alaska,19.90,14.90,5.00,36000.00,390000.00,6000.00,237000.00,64000.00,87000.00,86000.00,316518.00,66269.00,126100.00,124149.00,--,8.20,--,--,1845.00,708637.00,0.00,0.00,0.00,0.00,0.00,0.00,708637.00,122334.00,166625.00,81161.00,44291.00,15634.00,504.00,16138.00,yes,17000.00,2500.00,600.00,1000.00,4000.00,2000.00,46000.00,2000.00,2000.00,20.00,800.00,2400.00,90.00,20.00,--,--,318926.00,23029.00,17995.00,16205.00,750.00,7500.00,5.00,0.79,0.82,5000.00,--,629841.00,88966.00,3094.00,3184420.00,1029.00,46876.00,0.59,-5.50,78.00,1.00
Arizona,16.90,10.80,6.10,410000.00,3288000.00,50000.00,2091000.00,570000.00,752000.00,769000.00,2726206.00,598585.00,1066492.00,1061129.00,7.40,4.20,2900.00,3800.00,341797.00,16179486.00,256536.00,8248311.00,238461.00,8301175.00,11492.00,4142421.00,36871393.00,1201770.00,1716198.00,--,514428.00,151001.00,49213.00,200214.00,yes,44000.00,6400.00,2200.00,2700.00,10000.00,5000.00,118000.00,4000.00,6000.00,50.00,2000.00,6200.00,570.00,50.00,--,--,2794358.00,203066.00,179445.00,124346.00,230.00,94463.00,4.00,0.74,0.78,33000.00,4179000.00,--,1175624.00,96954.00,93694466.00,966.00,481230.00,0.70,-10.80,2270.00,10.00
Arkansas,17.50,9.50,8.00,234000.00,1365000.00,21000.00,865000.00,219000.00,313000.00,333000.00,1102338.00,225176.00,430226.00,446936.00,6.40,3.80,1900.00,2400.00,110844.00,2629919.00,44206.00,4519181.00,40087.00,5143882.00,44160.00,3101489.00,15394471.00,556851.00,920194.00,436815.00,363343.00,66243.00,60445.00,126688.00,yes,122000.00,17800.00,4800.00,7300.00,29000.00,14000.00,330000.00,11000.00,16000.00,150.00,5500.00,17400.00,1060.00,130.00,--,--,1239180.00,73648.00,63357.00,56843.00,306.00,36134.00,24.00,0.52,0.62,29000.00,9187892.00,--,606146.00,40658.00,36436080.00,896.00,337214.00,0.71,-6.20,993.00,11.00
California,18.50,8.60,9.90,3826000.00,19552000.00,294000.00,12092000.00,3255000.00,4389000.00,4448000.00,15867909.00,3351780.00,6191627.00,6324503.00,8.30,5.50,2500.00,3600.00,1088504.00,47272420.00,422403.00,8696667.00,230786.00,32235960.00,287077.00,36705696.00,124910743.00,7755381.00,11843081.00,5102963.00,4087700.00,1360665.00,39969.00,1400634.00,yes,1188000.00,173100.00,42100.00,74200.00,282000.00,136000.00,3208000.00,109000.00,158000.00,1430.00,53200.00,169000.00,5790.00,1250.00,--,--,16133192.00,1575340.00,1415428.00,1239893.00,309.00,707671.00,30.00,--,--,313000.00,11697197.00,1844585.00,5829777.00,419078.00,437630655.00,1044.00,2202117.00,0.69,-5.70,5580.00,29.00
Colorado,15.90,8.10,7.80,419000.00,2949000.00,40000.00,1902000.00,521000.00,685000.00,696000.00,2519638.00,556491.00,972911.00,990235.00,7.00,4.80,1900.00,2600.00,112067.00,10189712.00,14926.00,1474433.00,97387.00,4918285.00,5320.00,1588937.00,18171367.00,783420.00,1375264.00,629223.00,591844.00,74964.00,38443.00,113407.00,yes,132000.00,19200.00,4400.00,7700.00,31000.00,15000.00,355000.00,12000.00,18000.00,160.00,5900.00,18700.00,870.00,140.00,--,--,2250003.00,150769.00,108311.00,67062.00,318.00,28929.00,--,--,--,52000.00,8580311.00,1328508.00,820234.00,59459.00,58449048.00,983.00,323128.00,0.68,-9.20,1099.00,7.00
Connecticut,9.10,6.00,3.10,110000.00,2148000.00,25000.00,1386000.00,367000.00,494000.00,525000.00,1819938.00,364693.00,708801.00,746444.00,7.40,4.20,3000.00,4000.00,21613.00,4266585.00,31734.00,2638239.00,22166.00,1834954.00,0.00,0.00,8739778.00,--,761137.00,306614.00,--,76781.00,93516.00,170297.00,yes,72000.00,10500.00,2700.00,4300.00,17000.00,8000.00,194000.00,7000.00,10000.00,90.00,3200.00,10200.00,710.00,80.00,--,--,1554628.00,116019.00,102917.00,80759.00,357.00,52132.00,17.00,--,--,15000.00,1000000.00,--,644136.00,66843.00,78487237.00,1174.00,344091.00,0.77,-7.70,1306.00,12.00
Delaware,9.70,5.90,3.80,35000.00,564000.00,7000.00,320000.00,86000.00,113000.00,121000.00,417265.00,84080.00,161610.00,171575.00,--,5.20,--,--,2186.00,727951.00,3176.00,242249.00,12110.00,1470435.00,3805.00,151507.00,2592142.00,223324.00,236702.00,103587.00,13378.00,13646.00,15325.00,28971.00,yes,6000.00,900.00,300.00,400.00,1000.00,1000.00,16000.00,1000.00,1000.00,10.00,300.00,900.00,170.00,10.00,--,--,383607.00,28256.00,25379.00,21467.00,330.00,11146.00,19.00,0.55,0.63,5000.00,2178976.00,--,186835.00,24223.00,28586178.00,1180.00,133283.00,0.81,-10.30,575.00,7.00
District of Columbia,7.60,3.80,3.80,25000.00,388000.00,6000.00,208000.00,34000.00,83000.00,91000.00,281235.00,39399.00,114305.00,127531.00,--,4.70,--,--,209593.00,5064210.00,164023.00,11151522.00,41340.00,14488017.00,252618.00,18040941.00,48744690.00,235786.00,255491.00,--,19705.00,21898.00,9155.00,31053.00,yes,16000.00,2400.00,300.00,1100.00,4000.00,2000.00,44000.00,1000.00,2000.00,20.00,700.00,2300.00,60.00,20.00,--,--,268134.00,22693.00,17666.00,1224.00,183.00,279.00,18.00,--,--,2000.00,4803324.00,1138052.00,90492.00,3258.00,3496014.00,1073.00,46684.00,0.68,-7.50,346.00,8.00
Florida,21.30,13.30,8.00,1597000.00,8847000.00,132000.00,5587000.00,1411000.00,2006000.00,2170000.00,7289873.00,1423940.00,2841807.00,3024126.00,8.20,1.30,6300.00,7600.00,297061.00,14794868.00,622688.00,23692538.00,592343.00,33422223.00,615309.00,37373499.00,109283128.00,3104996.00,3644673.00,2462518.00,539677.00,374140.00,397515.00,771655.00,no,750000.00,109300.00,31200.00,46100.00,178000.00,86000.00,2025000.00,69000.00,100000.00,900.00,33600.00,106700.00,5900.00,790.00,0.28,309000.00,7838642.00,1742819.00,1531714.00,1428712.00,305.00,1125850.00,55.00,0.80,0.84,153000.00,--,--,4149593.00,355360.00,350888326.00,987.00,1826053.00,0.75,-2.70,3161.00,49.00
Georgia,19.70,13.90,5.80,581000.00,5240000.00,74000.00,3317000.00,916000.00,1145000.00,1256000.00,4187077.00,883809.00,1598625.00,1704643.00,7.00,5.70,1100.00,1800.00,111390.00,10609166.00,124226.00,5629096.00,28337.00,2033244.00,203158.00,7369544.00,25641050.00,1535090.00,1782301.00,1253841.00,247211.00,137671.00,168076.00,305747.00,no,389000.00,56700.00,13900.00,23500.00,92000.00,44000.00,1050000.00,36000.00,52000.00,470.00,17400.00,55300.00,2850.00,410.00,0.25,159000.00,4323897.00,587845.00,478016.00,427353.00,291.00,322348.00,32.00,0.76,0.81,95000.00,--,--,1574058.00,141609.00,148784101.00,1051.00,751478.00,0.73,-7.40,2453.00,19.00
Hawaii,7.90,4.00,3.90,54000.00,867000.00,9000.00,462000.00,115000.00,174000.00,173000.00,631152.00,120194.00,254510.00,256448.00,--,5.80,--,--,39589.00,1551371.00,67722.00,4889432.00,1377.00,1395611.00,1273.00,1156997.00,8993411.00,288357.00,341200.00,144895.00,52843.00,33543.00,5035.00,38578.00,yes,33000.00,4900.00,1400.00,1900.00,8000.00,4000.00,90000.00,3000.00,4000.00,40.00,1500.00,4700.00,280.00,40.00,--,--,560494.00,14564.00,13313.00,10958.00,270.00,8067.00,22.00,0.71,0.76,7000.00,8202387.00,1210907.00,252514.00,23762.00,30027279.00,1264.00,79163.00,0.67,-13.40,315.00,0.00
Idaho,17.70,11.00,6.70,109000.00,836000.00,11000.00,566000.00,173000.00,195000.00,198000.00,699703.00,170463.00,267497.00,261743.00,--,8.00,--,--,27291.00,2085935.00,29289.00,1341917.00,0.00,0.00,0.00,0.00,3427852.00,238150.00,293905.00,215357.00,55755.00,25961.00,17188.00,43149.00,no,59000.00,8600.00,2500.00,3600.00,14000.00,7000.00,159000.00,5000.00,8000.00,70.00,2600.00,8400.00,300.00,60.00,0.39,30000.00,662319.00,101073.00,94270.00,82802.00,265.00,58781.00,--,--,--,15000.00,--,--,294284.00,19821.00,17584133.00,887.00,121236.00,0.65,-2.40,78.00,5.00
Illinois,13.80,7.10,6.70,850000.00,7359000.00,91000.00,4670000.00,1192000.00,1735000.00,1743000.00,5883105.00,1189924.00,2312855.00,2380326.00,7.40,3.20,3800.00,4700.00,87108.00,3230602.00,46455.00,4504395.00,7409.00,1820520.00,12883.00,1788113.00,11343630.00,2626943.00,3117939.00,1457307.00,490996.00,308374.00,45716.00,354090.00,yes,340000.00,49600.00,12600.00,20300.00,81000.00,39000.00,919000.00,31000.00,45000.00,410.00,15200.00,48400.00,1760.00,360.00,--,--,5635622.00,388179.00,335243.00,259701.00,237.00,156469.00,29.00,0.53,0.60,130000.00,4531085.00,1377567.00,2118300.00,196727.00,204732932.00,1041.00,1185594.00,0.74,-12.10,8108.00,29.00
Indiana,14.80,9.60,5.20,339000.00,3825000.00,50000.00,2259000.00,615000.00,822000.00,822000.00,2915827.00,627525.00,1121576.00,1166726.00,7.70,4.30,3000.00,3900.00,264505.00,21710342.00,248410.00,11425200.00,249420.00,11630435.00,216856.00,7813231.00,52579208.00,1120674.00,1489805.00,782960.00,369131.00,133444.00,57334.00,190778.00,yes,224000.00,32600.00,7700.00,13000.00,53000.00,26000.00,605000.00,20000.00,30000.00,270.00,10000.00,31800.00,1170.00,240.00,--,--,2796375.00,196242.00,168884.00,139437.00,259.00,77251.00,44.00,0.48,0.56,45000.00,6069752.00,1297729.00,1181014.00,123302.00,127674560.00,1035.00,637488.00,0.73,-7.50,2474.00,24.00
Iowa,9.30,5.00,4.30,132000.00,1862000.00,24000.00,1187000.00,311000.00,443000.00,433000.00,1530502.00,322124.00,604268.00,604110.00,7.40,4.20,2700.00,3500.00,1654.00,138914.00,11328.00,1101411.00,0.00,0.00,20058.00,1512470.00,2752795.00,493515.00,619055.00,300017.00,125540.00,64818.00,18432.00,83250.00,yes,17000.00,2500.00,600.00,1000.00,4000.00,2000.00,46000.00,2000.00,2000.00,20.00,800.00,2400.00,270.00,20.00,--,--,1290303.00,55089.00,48949.00,42595.00,307.00,25677.00,15.00,0.65,0.71,41000.00,--,--,587780.00,55670.00,53282941.00,957.00,370648.00,0.77,-6.50,910.00,9.00
Kansas,13.90,9.10,4.80,137000.00,1659000.00,22000.00,1021000.00,279000.00,368000.00,374000.00,1310249.00,290340.00,495399.00,524509.00,8.00,4.50,3000.00,4000.00,27097.00,1294972.00,28039.00,1328139.00,17559.00,1530640.00,2959.00,1385988.00,5539739.00,378160.00,421638.00,298723.00,43478.00,38849.00,24240.00,63089.00,no,77000.00,11200.00,2400.00,4400.00,18000.00,9000.00,208000.00,7000.00,10000.00,90.00,3400.00,10900.00,300.00,80.00,0.31,34000.00,1213671.00,101555.00,89566.00,75815.00,247.00,53034.00,13.00,0.69,0.74,28000.00,4130296.00,,499753.00,46642.00,43407473.00,931.00,299776.00,0.72,-9.80,1361.00,9.00
Kentucky,15.30,6.00,9.30,404000.00,2316000.00,31000.00,1414000.00,362000.00,524000.00,528000.00,1884719.00,378519.00,743303.00,762897.00,6.50,4.50,1700.00,2300.00,97499.00,3439372.00,100523.00,1176180.00,51330.00,858981.00,0.00,0.00,5474533.00,606805.00,1220788.00,555243.00,613983.00,96363.00,77948.00,174311.00,yes,151000.00,22000.00,5600.00,8800.00,36000.00,17000.00,409000.00,14000.00,20000.00,180.00,6800.00,21500.00,1640.00,160.00,--,--,1894874.00,93666.00,74640.00,56488.00,258.00,32186.00,11.00,--,--,17000.00,7977522.00,873652.00,881938.00,89343.00,99034242.00,1108.00,461771.00,0.73,-9.10,2384.00,22.00
Louisiana,17.80,11.90,5.90,269000.00,2295000.00,34000.00,1411000.00,385000.00,488000.00,538000.00,1743084.00,358711.00,670731.00,713642.00,7.30,5.40,1600.00,2400.00,75541.00,1257332.00,113734.00,3837750.00,52201.00,219013.00,0.00,0.00,5314095.00,1019787.00,1328708.00,758432.00,308921.00,104841.00,99904.00,204745.00,yes,193000.00,28100.00,7600.00,11600.00,46000.00,22000.00,521000.00,18000.00,26000.00,230.00,8600.00,27400.00,1070.00,200.00,29.5%**,"81,000**",1951886.00,214148.00,184403.00,170806.00,362.00,118597.00,19.00,0.81,0.84,34000.00,3000000.00,--,817272.00,73530.00,72702732.00,989.00,387587.00,0.71,-9.60,2013.00,10.00
Maine,10.10,8.40,1.70,22000.00,702000.00,8000.00,431000.00,103000.00,156000.00,172000.00,588281.00,107573.00,229386.00,251322.00,--,2.00,--,--,8796.00,501240.00,19542.00,1845006.00,4449.00,160821.00,0.00,0.00,2507067.00,--,273160.00,115217.00,--,52077.00,35702.00,87779.00,no,40000.00,5800.00,1900.00,2500.00,10000.00,5000.00,108000.00,4000.00,5000.00,50.00,1800.00,5700.00,430.00,40.00,*,*,590266.00,84059.00,75240.00,63896.00,342.00,42880.00,25.00,0.60,0.68,10000.00,4800098.00,--,315160.00,18970.00,18712752.00,986.00,165892.00,0.71,-3.70,232.00,6.00
Maryland,11.30,6.60,4.70,278000.00,3700000.00,41000.00,2251000.00,585000.00,794000.00,872000.00,2953834.00,582300.00,1146439.00,1225095.00,6.70,5.20,1300.00,2000.00,105405.00,6244641.00,153791.00,12132398.00,123464.00,17654815.00,288534.00,45189590.00,81221444.00,856297.00,1252304.00,592836.00,396007.00,83164.00,53545.00,136709.00,yes,115000.00,16800.00,4000.00,7000.00,27000.00,13000.00,312000.00,11000.00,15000.00,140.00,5200.00,16400.00,1330.00,120.00,--,--,2542844.00,162177.00,135208.00,100844.00,243.00,72175.00,--,--,--,31000.00,9035636.00,249070.00,960848.00,86073.00,99702303.00,1158.00,604509.00,0.76,-10.40,3789.00,26.00
Massachusetts,4.40,2.80,1.60,107000.00,4232000.00,52000.00,2520000.00,633000.00,912000.00,975000.00,3399092.00,654577.00,1332122.00,1412394.00,7.10,4.80,2100.00,3000.00,173454.00,34250845.00,171224.00,12285220.00,83499.00,10093885.00,3935.00,157139.00,56787089.00,1296359.00,1684328.00,672309.00,387969.00,277682.00,21826.00,299508.00,yes,2000.00,200.00,100.00,100.00,"<1,000","<1,000",5000.00,"<1,000","<1,000",<10,100.00,200.00,670.00,< 10,--,--,2931068.00,213883.00,207121.00,157751.00,190.00,132721.00,53.00,--,--,22000.00,8959049.00,1206525.00,1252277.00,83303.00,86517318.00,1039.00,725251.00,0.79,-5.80,2213.00,14.00
Michigan,12.40,6.10,6.30,618000.00,5876000.00,73000.00,3547000.00,977000.00,1255000.00,1315000.00,4543547.00,957503.00,1742639.00,1843405.00,6.80,3.50,2600.00,3300.00,120215.00,8267803.00,85443.00,5460961.00,376228.00,17934552.00,595356.00,31440160.00,63103476.00,1912009.00,2300958.00,941328.00,388949.00,252704.00,44749.00,297453.00,yes,181000.00,26400.00,6000.00,10200.00,43000.00,21000.00,489000.00,17000.00,24000.00,220.00,8100.00,25800.00,1460.00,190.00,--,--,4394173.00,345813.00,313123.00,275080.00,233.00,164725.00,62.00,0.65,0.73,62000.00,9544541.00,1024302.00,1947787.00,212075.00,249358887.00,1176.00,949718.00,0.74,-3.20,1767.00,25.00
Minnesota,9.10,4.50,4.60,250000.00,3319000.00,38000.00,2043000.00,553000.00,736000.00,754000.00,2761583.00,609487.00,1076734.00,1075362.00,7.20,4.00,2700.00,3600.00,1101.00,451574.00,1915.00,523254.00,0.00,0.00,1508.00,65797.00,1040625.00,873040.00,1051509.00,519101.00,178469.00,117508.00,16914.00,134422.00,yes,36000.00,5200.00,1100.00,2200.00,9000.00,4000.00,97000.00,3000.00,5000.00,40.00,1600.00,5100.00,400.00,40.00,--,--,2318738.00,83507.00,74060.00,47266.00,203.00,12128.00,18.00,--,--,43000.00,8254221.00,1160021.00,944222.00,73484.00,72072204.00,981.00,271698.00,0.68,-7.00,1435.00,8.00
Mississippi,18.20,12.70,5.50,161000.00,1326000.00,22000.00,844000.00,223000.00,294000.00,327000.00,1160553.00,242244.00,451221.00,467087.00,8.70,3.20,4700.00,6000.00,33782.00,2301354.00,40084.00,2073696.00,38890.00,3037442.00,35650.00,4188916.00,11601408.00,637229.00,693869.00,470829.00,56640.00,76367.00,81476.00,157843.00,no,139000.00,20300.00,5200.00,8200.00,33000.00,16000.00,375000.00,13000.00,18000.00,170.00,6200.00,19800.00,1380.00,150.00,0.34,61000.00,1261721.00,108672.00,77747.00,73246.00,306.00,60354.00,18.00,0.81,0.85,22000.00,4783208.00,1152710.00,571699.00,41041.00,35832183.00,873.00,345847.00,0.72,-7.90,1469.00,11.00
Missouri,13.20,9.80,3.40,203000.00,3389000.00,44000.00,2148000.00,581000.00,775000.00,792000.00,2778803.00,596633.00,1084657.00,1097512.00,6.60,5.70,700.00,1300.00,385823.00,16126519.00,244764.00,10752433.00,206610.00,13004025.00,185563.00,16341955.00,56224932.00,846084.00,967284.00,624612.00,121200.00,133762.00,39350.00,173112.00,no,191000.00,27800.00,7100.00,11300.00,45000.00,22000.00,516000.00,17000.00,25000.00,230.00,8600.00,27200.00,1370.00,200.00,0.34,91000.00,2601893.00,290201.00,252044.00,225878.00,315.00,148033.00,17.00,0.73,0.78,83000.00,1000000.00,--,1163543.00,107008.00,102895608.00,962.00,580049.00,0.73,-7.10,2311.00,13.00
Montana,17.30,11.60,5.70,58000.00,510000.00,7000.00,319000.00,81000.00,122000.00,116000.00,401717.00,83639.00,157979.00,160099.00,--,7.10,--,--,541.00,141882.00,262.00,6840.00,0.00,0.00,0.00,0.00,148722.00,148974.00,224048.00,120626.00,75074.00,15939.00,9250.00,25189.00,yes,32000.00,4700.00,1300.00,2000.00,8000.00,4000.00,88000.00,3000.00,4000.00,40.00,1500.00,4600.00,140.00,30.00,--,--,426361.00,58114.00,51758.00,44091.00,306.00,23479.00,21.00,0.77,0.80,14000.00,1000000.00,--,209389.00,13384.00,12097212.00,904.00,106395.00,0.65,-5.80,231.00,4.00
Nebraska,11.50,8.20,3.30,62000.00,1100000.00,14000.00,701000.00,192000.00,252000.00,257000.00,923926.00,201150.00,361309.00,361467.00,6.90,4.10,2300.00,3000.00,28020.00,654321.00,15032.00,1150368.00,86.00,67849.00,747.00,95032.00,1967570.00,244600.00,242702.00,161173.00,-1898.00,35151.00,3516.00,38667.00,no,42000.00,6100.00,1400.00,2600.00,10000.00,5000.00,113000.00,4000.00,6000.00,50.00,1900.00,6000.00,200.00,40.00,0.31,21000.00,767878.00,87835.00,80213.00,72091.00,296.00,41950.00,13.00,0.77,0.82,14000.00,3000000.00,1068804.00,322796.00,30366.00,27674906.00,911.00,193448.00,0.72,-8.30,735.00,7.00
Nevada,22.60,12.30,10.30,294000.00,1505000.00,19000.00,937000.00,269000.00,339000.00,329000.00,1168797.00,261378.00,451754.00,455665.00,--,6.90,--,--,50969.00,3189949.00,53048.00,3318456.00,24101.00,3493603.00,28636.00,6175582.00,16177590.00,332560.00,614298.00,295720.00,281738.00,27107.00,25102.00,52209.00,yes,90000.00,13100.00,3700.00,5500.00,21000.00,10000.00,242000.00,8000.00,12000.00,110.00,4000.00,12800.00,500.00,90.00,--,--,1157045.00,88145.00,79876.00,71472.00,268.00,48736.00,26.00,0.70,0.76,27000.00,6138972.00,--,471747.00,34285.00,33160363.00,967.00,187012.00,0.65,-5.60,529.00,7.00
New Hampshire,11.10,6.30,4.80,63000.00,853000.00,9000.00,545000.00,140000.00,197000.00,208000.00,690524.00,132043.00,272532.00,285949.00,7.30,4.80,2400.00,3300.00,13004.00,673453.00,12795.00,1457985.00,281.00,132855.00,0.00,0.00,2264293.00,127082.00,189429.00,94622.00,62347.00,20839.00,12241.00,33080.00,yes,22000.00,3200.00,1000.00,1400.00,5000.00,3000.00,60000.00,2000.00,3000.00,30.00,1000.00,3200.00,210.00,20.00,--,--,597050.00,55183.00,49114.00,31151.00,261.00,17376.00,32.00,0.42,0.49,3000.00,8764186.00,1120164.00,275803.00,21026.00,22023187.00,1047.00,176282.00,0.74,-2.50,152.00,8.00
New Jersey,13.20,8.70,4.50,398000.00,5450000.00,59000.00,3274000.00,877000.00,1183000.00,1214000.00,4210183.00,887353.00,1621714.00,1701115.00,6.40,5.40,800.00,1400.00,220011.00,10768382.00,42300.00,3434389.00,20320.00,1161336.00,116900.00,2634720.00,17998827.00,1283851.00,1784529.00,848216.00,500678.00,185430.00,25470.00,210900.00,yes,194000.00,28300.00,7300.00,12000.00,46000.00,22000.00,524000.00,18000.00,26000.00,230.00,8700.00,27600.00,1490.00,200.00,--,--,3847727.00,288573.00,249395.00,205242.00,322.00,129277.00,19.00,0.54,0.61,44000.00,6325261.00,--,1528961.00,211881.00,262865304.00,1241.00,940537.00,0.77,-13.30,6774.00,29.00
New Mexico,19.60,10.90,8.70,178000.00,884000.00,15000.00,555000.00,148000.00,194000.00,213000.00,735472.00,151593.00,278722.00,305157.00,8.50,4.30,3800.00,5100.00,16762.00,158714.00,0.00,0.00,10703.00,1266980.00,0.00,0.00,1425694.00,457678.00,766732.00,358107.00,309054.00,55415.00,33661.00,89076.00,yes,82000.00,12000.00,3100.00,4700.00,19000.00,9000.00,222000.00,8000.00,11000.00,100.00,3700.00,11700.00,190.00,90.00,--,--,861621.00,54865.00,47497.00,32703.00,212.00,22655.00,20.00,0.56,0.65,8000.00,7204929.00,1159064.00,385918.00,23642.00,23792440.00,1006.00,156682.00,0.63,-2.60,118.00,3.00
New York,11.90,7.10,4.80,939000.00,10895000.00,147000.00,6432000.00,1609000.00,2294000.00,2529000.00,8619856.00,1666177.00,3371547.00,3582133.00,7.60,5.90,1600.00,2500.00,608740.00,27943748.00,571041.00,10125994.00,285390.00,6657645.00,276804.00,23154640.00,67882027.00,5678417.00,6431165.00,2467177.00,752748.00,702566.00,138749.00,841315.00,yes,143000.00,20800.00,7100.00,8800.00,34000.00,16000.00,385000.00,13000.00,19000.00,170.00,6400.00,20300.00,5210.00,150.00,--,--,8616234.00,271964.00,224014.00,123830.00,178.00,40544.00,71.00,--,--,68000.00,9998743.00,1244446.00,3424666.00,359127.00,429276680.00,1195.00,1486645.00,0.74,-10.60,8407.00,38.00
North Carolina,16.80,11.20,5.60,552000.00,4934000.00,70000.00,3091000.00,804000.00,1101000.00,1186000.00,3966308.00,813423.00,1521574.00,1631312.00,7.50,4.70,2400.00,3300.00,170192.00,7678199.00,136641.00,5757595.00,147076.00,6535508.00,49235.00,7588265.00,27559567.00,1595952.00,2072282.00,1430363.00,476330.00,240953.00,78767.00,319720.00,no,313000.00,45600.00,11500.00,19100.00,74000.00,36000.00,845000.00,29000.00,42000.00,380.00,14000.00,44500.00,3670.00,330.00,0.27,144000.00,4099922.00,613487.00,545354.00,499178.00,401.00,360045.00,10.00,0.82,0.85,138000.00,4984080.00,1114014.00,1823454.00,173412.00,175662465.00,1013.00,950381.00,0.77,-6.50,2472.00,20.00
North Dakota,9.80,7.80,2.00,15000.00,450000.00,7000.00,253000.00,66000.00,94000.00,93000.00,359032.00,75742.00,142235.00,141055.00,7.40,5.00,1900.00,2700.00,0.00,0.00,0.00,0.00,0.00,0.00,0.00,0.00,0.00,69980.00,89763.00,41959.00,19783.00,10871.00,2930.00,13801.00,yes,18000.00,2600.00,600.00,1100.00,4000.00,2000.00,48000.00,2000.00,2000.00,20.00,800.00,2600.00,220.00,20.00,--,--,275556.00,21604.00,20536.00,17630.00,262.00,9199.00,19.00,0.71,0.77,4000.00,1000000.00,--,122294.00,11866.00,11470436.00,967.00,71547.00,0.73,-6.50,267.00,3.00
Ohio,12.30,6.50,5.80,664000.00,6831000.00,81000.00,4154000.00,1100000.00,1512000.00,1542000.00,5240575.00,1070945.00,2049292.00,2120337.00,7.10,5.30,1500.00,2300.00,4158.00,126190.00,31802.00,777679.00,28722.00,1098474.00,63490.00,1187002.00,3189345.00,2341481.00,3003170.00,1260252.00,661689.00,206885.00,121737.00,328622.00,yes,381000.00,55500.00,14900.00,22300.00,91000.00,44000.00,1029000.00,35000.00,51000.00,460.00,17100.00,54200.00,5030.00,400.00,--,--,5053131.00,243715.00,212046.00,174448.00,250.00,95312.00,45.00,0.51,0.60,64000.00,5091507.00,--,2208504.00,237303.00,258550550.00,1090.00,885625.00,0.72,-10.60,5405.00,19.00
Oklahoma,18.90,13.90,5.00,192000.00,1948000.00,29000.00,1197000.00,317000.00,430000.00,450000.00,1556695.00,330670.00,598873.00,627152.00,6.40,5.40,800.00,1300.00,174513.00,10212156.00,70381.00,5604352.00,74671.00,5488984.00,26001.00,1871932.00,23177424.00,790051.00,788544.00,512059.00,-1507.00,91920.00,21795.00,113715.00,no,127000.00,18500.00,5000.00,7500.00,30000.00,15000.00,343000.00,12000.00,17000.00,150.00,5700.00,18100.00,770.00,130.00,0.33,71000.00,1578794.00,145329.00,130178.00,113209.00,298.00,81053.00,13.00,0.84,0.86,33000.00,--,--,693677.00,65788.00,67925763.00,1032.00,388681.00,0.71,-10.30,1878.00,7.00
Oregon,17.10,7.00,10.10,403000.00,2070000.00,28000.00,1356000.00,342000.00,485000.00,529000.00,1737240.00,346157.00,669765.00,721318.00,7.50,4.50,2600.00,3500.00,10918.00,2064985.00,26110.00,1615836.00,28010.00,2540524.00,9375.00,144946.00,6366291.00,626356.00,1021862.00,416789.00,395506.00,76890.00,46415.00,123305.00,yes,159000.00,23200.00,6000.00,9700.00,38000.00,18000.00,429000.00,15000.00,21000.00,190.00,7100.00,22600.00,740.00,170.00,--,--,1692205.00,147109.00,131167.00,95507.00,253.00,52960.00,28.00,0.56,0.62,26000.00,9814586.00,1245919.00,784032.00,54007.00,50494389.00,935.00,269101.00,0.66,-0.70,75.00,4.00
Pennsylvania,10.20,6.40,3.80,479000.00,7502000.00,89000.00,4582000.00,1136000.00,1677000.00,1769000.00,6127383.00,1170391.00,2445708.00,2511285.00,7.30,5.10,1900.00,2700.00,37218.00,821449.00,2662.00,707524.00,244.00,86004.00,1480.00,254243.00,1869220.00,2386046.00,2883114.00,1375842.00,497068.00,357932.00,84568.00,442500.00,yes,261000.00,38000.00,9500.00,15100.00,62000.00,30000.00,704000.00,24000.00,35000.00,310.00,11700.00,37100.00,3350.00,280.00,--,--,5489162.00,439238.00,412347.00,321345.00,248.00,227304.00,12.00,0.71,0.75,111000.00,5312084.00,1486251.00,2588577.00,297606.00,313453847.00,1053.00,1081445.00,0.75,-8.30,4995.00,27.00
Rhode Island,12.20,5.70,6.50,68000.00,597000.00,8000.00,374000.00,89000.00,138000.00,147000.00,484193.00,90706.00,191892.00,201595.00,--,3.50,--,--,1265.00,18053.00,710.00,48696.00,0.00,0.00,0.00,0.00,66749.00,190833.00,287173.00,115307.00,96340.00,33142.00,7296.00,40438.00,yes,22000.00,3200.00,700.00,1400.00,5000.00,3000.00,60000.00,2000.00,3000.00,30.00,1000.00,3200.00,270.00,20.00,--,--,462538.00,34670.00,35583.00,30015.00,250.00,21270.00,--,--,--,4000.00,8636923.00,1090263.00,208324.00,15785.00,14392653.00,912.00,92065.00,0.76,-10.50,487.00,5.00
South Carolina,17.50,10.90,6.60,317000.00,2487000.00,35000.00,1458000.00,397000.00,495000.00,566000.00,1955568.00,406798.00,726416.00,822354.00,7.20,4.80,2000.00,2800.00,13541.00,153575.00,98621.00,2855793.00,7201.00,600331.00,26.00,1387.00,3611086.00,889744.00,994804.00,630610.00,105060.00,127328.00,26210.00,153538.00,no,160000.00,23300.00,6500.00,9700.00,38000.00,18000.00,432000.00,15000.00,21000.00,190.00,7200.00,22800.00,1250.00,170.00,0.32,87000.00,1991315.00,231849.00,204846.00,186345.00,312.00,150030.00,25.00,0.68,0.74,21000.00,1000000.00,--,974114.00,98589.00,107311751.00,1088.00,549051.00,0.76,-6.10,1237.00,12.00
South Dakota,12.40,10.20,2.20,19000.00,449000.00,6000.00,295000.00,82000.00,104000.00,109000.00,392422.00,85614.00,152850.00,153957.00,6.40,5.20,900.00,1400.00,784.00,41240.00,867.00,2582.00,0.00,0.00,0.00,0.00,43822.00,115501.00,119835.00,82431.00,4334.00,11970.00,7429.00,19399.00,no,25000.00,3600.00,900.00,1500.00,6000.00,3000.00,68000.00,2000.00,3000.00,30.00,1100.00,3600.00,190.00,30.00,*,*,345932.00,25999.00,24578.00,22005.00,307.00,15108.00,17.00,0.79,0.83,17000.00,4000923.00,--,161464.00,13616.00,12395059.00,910.00,87816.00,0.70,-11.40,515.00,3.00
Tennessee,14.40,10.30,4.10,266000.00,3369000.00,47000.00,2042000.00,523000.00,744000.00,775000.00,2745436.00,549675.00,1076050.00,1119711.00,6.90,4.20,2100.00,2800.00,79428.00,1968764.00,281481.00,6401466.00,26110.00,1303715.00,25197.00,2408730.00,12082675.00,1244516.00,1627100.00,--,382584.00,146943.00,125949.00,272892.00,no,179000.00,26100.00,7300.00,10700.00,43000.00,20000.00,483000.00,16000.00,24000.00,220.00,8000.00,25500.00,1770.00,190.00,0.36,114000.00,2764651.00,268867.00,231705.00,203112.00,299.00,138272.00,7.00,0.81,0.83,79000.00,4979002.00,--,1266920.00,114993.00,109733424.00,954.00,600644.00,0.75,-8.70,2905.00,15.00
Texas,23.70,17.10,6.60,1781000.00,13709000.00,205000.00,7536000.00,2094000.00,2671000.00,2771000.00,10278005.00,2258657.00,3990134.00,4029215.00,8.10,3.50,4300.00,5400.00,100975.00,5435404.00,42097.00,1870997.00,26009.00,5845356.00,18925.00,6930691.00,20082448.00,4441605.00,4770229.00,3512929.00,328624.00,374617.00,298977.00,673594.00,no,1107000.00,161300.00,40400.00,68900.00,263000.00,127000.00,2989000.00,101000.00,147000.00,1330.00,49600.00,157400.00,5440.00,1170.00,0.23,406000.00,10694840.00,1306208.00,1092650.00,913177.00,271.00,646415.00,26.00,0.73,0.78,252000.00,5326798.00,--,3765946.00,346750.00,366381273.00,1057.00,1746043.00,0.72,-5.80,4960.00,37.00
Utah,15.30,10.50,4.80,143000.00,1897000.00,25000.00,1183000.00,411000.00,385000.00,387000.00,1509455.00,431216.00,538759.00,539479.00,7.20,4.90,1900.00,2600.00,89203.00,3850128.00,93127.00,2486251.00,703.00,337213.00,1172.00,201132.00,6874724.00,294029.00,314182.00,221678.00,20153.00,30334.00,6154.00,36488.00,no,68000.00,9900.00,1800.00,4100.00,16000.00,8000.00,184000.00,6000.00,9000.00,80.00,3000.00,9700.00,240.00,70.00,0.40,42000.00,1150918.00,175637.00,164415.00,145288.00,187.00,106589.00,22.00,0.76,0.82,56000.00,8750077.00,996217.00,358887.00,28336.00,27106568.00,957.00,146179.00,0.68,-5.70,261.00,3.00
Vermont,8.00,3.80,4.20,26000.00,345000.00,5000.00,215000.00,46000.00,82000.00,87000.00,285858.00,47185.00,115781.00,122892.00,--,5.60,--,--,5248.00,126810.00,0.00,0.00,0.00,0.00,0.00,0.00,126810.00,161081.00,175597.00,64429.00,14516.00,20948.00,7674.00,28622.00,yes,3000.00,500.00,<100,<100,1000.00,"<1,000",9000.00,"<1,000","<1,000",<10,200.00,500.00,110.00,<10,--,--,280727.00,29440.00,27883.00,19575.00,300.00,9751.00,--,--,--,1000.00,5983045.00,--,136021.00,10955.00,12077364.00,1102.00,87184.00,0.73,0.70,-21.00,3.00
Virginia,13.10,9.10,4.00,327000.00,4850000.00,59000.00,2974000.00,817000.00,1036000.00,1121000.00,3902716.00,847534.00,1467520.00,1587663.00,7.60,4.80,2500.00,3400.00,216242.00,10272687.00,69062.00,8085302.00,163018.00,10625792.00,246593.00,15982185.00,44965966.00,935434.00,988821.00,661558.00,53387.00,122448.00,63928.00,186376.00,no,179000.00,26100.00,6800.00,11100.00,43000.00,20000.00,483000.00,16000.00,24000.00,220.00,8000.00,25500.00,1240.00,190.00,0.35,102000.00,3491076.00,421897.00,378838.00,319068.00,276.00,222233.00,34.00,0.67,0.73,56000.00,1000000.00,--,1392261.00,114138.00,115809752.00,1015.00,813642.00,0.76,-6.30,2302.00,25.00
Washington,14.20,6.60,7.60,537000.00,3986000.00,50000.00,2427000.00,580000.00,910000.00,937000.00,3079369.00,596597.00,1224572.00,1258201.00,8.10,3.20,4300.00,5500.00,381.00,20550.00,0.00,0.00,31694.00,129860.00,2897.00,441587.00,591997.00,1117576.00,1788536.00,832561.00,670960.00,127464.00,57695.00,185159.00,yes,55000.00,8000.00,1900.00,3300.00,13000.00,6000.00,148000.00,5000.00,7000.00,70.00,2500.00,7800.00,680.00,60.00,--,--,2969739.00,200691.00,158245.00,110476.00,238.00,66083.00,--,--,--,53000.00,5586169.00,528441.00,1238649.00,74902.00,73272041.00,978.00,543203.00,0.68,-7.20,1388.00,6.00
West Virginia,14.60,6.00,8.60,156000.00,976000.00,12000.00,581000.00,147000.00,215000.00,219000.00,772905.00,152226.00,304602.00,316077.00,7.60,5.20,2100.00,3000.00,1954.00,271978.00,1186.00,285783.00,457.00,106185.00,7055.00,737553.00,1401499.00,354544.00,575645.00,228688.00,221101.00,46046.00,35763.00,81809.00,yes,68000.00,10000.00,2800.00,4000.00,16000.00,8000.00,185000.00,6000.00,9000.00,80.00,3100.00,9700.00,840.00,70.00,--,--,799920.00,37284.00,33235.00,29163.00,388.00,17414.00,13.00,0.63,0.69,15000.00,4000000.00,--,423500.00,45280.00,54194138.00,1197.00,213916.00,0.71,-6.50,777.00,11.00
Wisconsin,9.40,5.70,3.70,211000.00,3521000.00,41000.00,2142000.00,580000.00,771000.00,791000.00,2804258.00,573028.00,1107770.00,1123460.00,7.40,4.00,3100.00,4100.00,99129.00,2802562.00,0.00,0.00,2033.00,201289.00,0.00,0.00,3003851.00,985531.00,1046897.00,493942.00,61366.00,140021.00,21617.00,161638.00,no,21000.00,3100.00,700.00,1200.00,5000.00,2000.00,57000.00,2000.00,3000.00,30.00,900.00,3000.00,280.00,20.00,*,*,2489279.00,239034.00,224208.00,190542.00,332.00,123307.00,44.00,0.63,0.69,51000.00,6137844.00,--,1084854.00,90303.00,93517959.00,1036.00,481012.00,0.75,-7.10,1373.00,13.00
Wyoming,14.90,11.50,3.40,20000.00,335000.00,4000.00,196000.00,54000.00,73000.00,69000.00,267259.00,58596.00,107459.00,101204.00,--,4.10,--,--,3049.00,1275555.00,2120.00,795143.00,484.00,266734.00,0.00,0.00,2337432.00,67518.00,63583.00,39804.00,-3935.00,6744.00,3780.00,10524.00,no,14000.00,2000.00,600.00,1000.00,3000.00,2000.00,38000.00,1000.00,2000.00,20.00,600.00,2000.00,110.00,10.00,0.30,6000.00,241133.00,23770.00,22076.00,20313.00,459.00,12235.00,28.00,0.68,0.74,5000.00,--,,99128.00,8008.00,7634708.00,953.00,56898.00,0.62,-6.00,110.00,3.00
